<?xml version="1.0" encoding="UTF-8"?>
<GenRun Id="impl_1" LaunchPart="xc7a35tcpg236-1" LaunchTime="1596170688">
  <File Type="BITSTR-BMM" Name="lab7_top_bd.bmm"/>
  <File Type="OPT-METHODOLOGY-DRC" Name="lab7_top_methodology_drc_opted.rpt"/>
  <File Type="INIT-TIMING" Name="lab7_top_timing_summary_init.rpt"/>
  <File Type="ROUTE-PWR" Name="lab7_top_power_routed.rpt"/>
  <File Type="PA-TCL" Name="lab7_top.tcl"/>
  <File Type="OPT-TIMING" Name="lab7_top_timing_summary_opted.rpt"/>
  <File Type="OPT-DCP" Name="lab7_top_opt.dcp"/>
  <File Type="ROUTE-PWR-SUM" Name="lab7_top_power_summary_routed.pb"/>
  <File Type="REPORTS-TCL" Name="lab7_top_reports.tcl"/>
  <File Type="OPT-DRC" Name="lab7_top_drc_opted.rpt"/>
  <File Type="OPT-HWDEF" Name="lab7_top.hwdef"/>
  <File Type="PWROPT-DCP" Name="lab7_top_pwropt.dcp"/>
  <File Type="PWROPT-DRC" Name="lab7_top_drc_pwropted.rpt"/>
  <File Type="PWROPT-TIMING" Name="lab7_top_timing_summary_pwropted.rpt"/>
  <File Type="PLACE-DCP" Name="lab7_top_placed.dcp"/>
  <File Type="PLACE-IO" Name="lab7_top_io_placed.rpt"/>
  <File Type="PLACE-CLK" Name="lab7_top_clock_utilization_placed.rpt"/>
  <File Type="PLACE-UTIL" Name="lab7_top_utilization_placed.rpt"/>
  <File Type="PLACE-UTIL-PB" Name="lab7_top_utilization_placed.pb"/>
  <File Type="PLACE-CTRL" Name="lab7_top_control_sets_placed.rpt"/>
  <File Type="PLACE-SIMILARITY" Name="lab7_top_incremental_reuse_placed.rpt"/>
  <File Type="PLACE-PRE-SIMILARITY" Name="lab7_top_incremental_reuse_pre_placed.rpt"/>
  <File Type="BG-BGN" Name="lab7_top.bgn"/>
  <File Type="PLACE-TIMING" Name="lab7_top_timing_summary_placed.rpt"/>
  <File Type="POSTPLACE-PWROPT-DCP" Name="lab7_top_postplace_pwropt.dcp"/>
  <File Type="BG-BIN" Name="lab7_top.bin"/>
  <File Type="POSTPLACE-PWROPT-TIMING" Name="lab7_top_timing_summary_postplace_pwropted.rpt"/>
  <File Type="PHYSOPT-DCP" Name="lab7_top_physopt.dcp"/>
  <File Type="PHYSOPT-DRC" Name="lab7_top_drc_physopted.rpt"/>
  <File Type="BITSTR-MSK" Name="lab7_top.msk"/>
  <File Type="PHYSOPT-TIMING" Name="lab7_top_timing_summary_physopted.rpt"/>
  <File Type="ROUTE-ERROR-DCP" Name="lab7_top_routed_error.dcp"/>
  <File Type="ROUTE-DCP" Name="lab7_top_routed.dcp"/>
  <File Type="ROUTE-BLACKBOX-DCP" Name="lab7_top_routed_bb.dcp"/>
  <File Type="ROUTE-DRC" Name="lab7_top_drc_routed.rpt"/>
  <File Type="ROUTE-DRC-PB" Name="lab7_top_drc_routed.pb"/>
  <File Type="BITSTR-LTX" Name="debug_nets.ltx"/>
  <File Type="BITSTR-LTX" Name="lab7_top.ltx"/>
  <File Type="ROUTE-DRC-RPX" Name="lab7_top_drc_routed.rpx"/>
  <File Type="BITSTR-MMI" Name="lab7_top.mmi"/>
  <File Type="ROUTE-METHODOLOGY-DRC" Name="lab7_top_methodology_drc_routed.rpt"/>
  <File Type="ROUTE-METHODOLOGY-DRC-RPX" Name="lab7_top_methodology_drc_routed.rpx"/>
  <File Type="BITSTR-SYSDEF" Name="lab7_top.sysdef"/>
  <File Type="ROUTE-METHODOLOGY-DRC-PB" Name="lab7_top_methodology_drc_routed.pb"/>
  <File Type="ROUTE-PWR-RPX" Name="lab7_top_power_routed.rpx"/>
  <File Type="ROUTE-STATUS" Name="lab7_top_route_status.rpt"/>
  <File Type="ROUTE-STATUS-PB" Name="lab7_top_route_status.pb"/>
  <File Type="ROUTE-TIMINGSUMMARY" Name="lab7_top_timing_summary_routed.rpt"/>
  <File Type="ROUTE-TIMING-PB" Name="lab7_top_timing_summary_routed.pb"/>
  <File Type="ROUTE-TIMING-RPX" Name="lab7_top_timing_summary_routed.rpx"/>
  <File Type="ROUTE-SIMILARITY" Name="lab7_top_incremental_reuse_routed.rpt"/>
  <File Type="ROUTE-CLK" Name="lab7_top_clock_utilization_routed.rpt"/>
  <File Type="ROUTE-BUS-SKEW" Name="lab7_top_bus_skew_routed.rpt"/>
  <File Type="ROUTE-BUS-SKEW-PB" Name="lab7_top_bus_skew_routed.pb"/>
  <File Type="ROUTE-BUS-SKEW-RPX" Name="lab7_top_bus_skew_routed.rpx"/>
  <File Type="POSTROUTE-PHYSOPT-DCP" Name="lab7_top_postroute_physopt.dcp"/>
  <File Type="POSTROUTE-PHYSOPT-BLACKBOX-DCP" Name="lab7_top_postroute_physopt_bb.dcp"/>
  <File Type="POSTROUTE-PHYSOPT-TIMING" Name="lab7_top_timing_summary_postroute_physopted.rpt"/>
  <File Type="POSTROUTE-PHYSOPT-TIMING-PB" Name="lab7_top_timing_summary_postroute_physopted.pb"/>
  <File Type="POSTROUTE-PHYSOPT-TIMING-RPX" Name="lab7_top_timing_summary_postroute_physopted.rpx"/>
  <File Type="POSTROUTE-PHYSOPT-BUS-SKEW" Name="lab7_top_bus_skew_postroute_physopted.rpt"/>
  <File Type="POSTROUTE-PHYSOPT-BUS-SKEW-PB" Name="lab7_top_bus_skew_postroute_physopted.pb"/>
  <File Type="BG-BIT" Name="lab7_top.bit"/>
  <File Type="POSTROUTE-PHYSOPT-BUS-SKEW-RPX" Name="lab7_top_bus_skew_postroute_physopted.rpx"/>
  <File Type="BITSTR-RBT" Name="lab7_top.rbt"/>
  <File Type="BITSTR-NKY" Name="lab7_top.nky"/>
  <File Type="BG-DRC" Name="lab7_top.drc"/>
  <File Type="RDI-RDI" Name="lab7_top.vdi"/>
  <File Type="WBT-USG" Name="usage_statistics_webtalk.html"/>
  <FileSet Name="sources" Type="DesignSrcs" RelSrcDir="$PSRCDIR/sources_1">
    <Filter Type="Srcs"/>
    <File Path="$PSRCDIR/sources_1/new/Control.v">
      <FileInfo>
        <Attr Name="UsedIn" Val="synthesis"/>
        <Attr Name="UsedIn" Val="implementation"/>
        <Attr Name="UsedIn" Val="simulation"/>
      </FileInfo>
    </File>
    <File Path="$PSRCDIR/sources_1/new/Anode_control.v">
      <FileInfo>
        <Attr Name="ImportPath" Val="$PPRDIR/../LAb 4/LAb 4.srcs/sources_1/new/Anode_control.v"/>
        <Attr Name="ImportTime" Val="1594036607"/>
        <Attr Name="UsedIn" Val="synthesis"/>
        <Attr Name="UsedIn" Val="implementation"/>
        <Attr Name="UsedIn" Val="simulation"/>
      </FileInfo>
    </File>
    <File Path="$PSRCDIR/sources_1/new/BCD_control.v">
      <FileInfo>
        <Attr Name="UserDisabled" Val="1"/>
        <Attr Name="ImportPath" Val="$PPRDIR/../LAb 4/LAb 4.srcs/sources_1/new/BCD_control.v"/>
        <Attr Name="ImportTime" Val="1594041312"/>
        <Attr Name="UsedIn" Val="synthesis"/>
        <Attr Name="UsedIn" Val="implementation"/>
        <Attr Name="UsedIn" Val="simulation"/>
      </FileInfo>
    </File>
    <File Path="$PSRCDIR/sources_1/new/LED.v">
      <FileInfo>
        <Attr Name="ImportPath" Val="$PPRDIR/../LAb 4/LAb 4.srcs/sources_1/new/LED.v"/>
        <Attr Name="ImportTime" Val="1594037118"/>
        <Attr Name="UsedIn" Val="synthesis"/>
        <Attr Name="UsedIn" Val="implementation"/>
        <Attr Name="UsedIn" Val="simulation"/>
      </FileInfo>
    </File>
    <File Path="$PSRCDIR/sources_1/new/Timer.v">
      <FileInfo>
        <Attr Name="ImportPath" Val="$PPRDIR/../LAB 6/LAB 6.srcs/sources_1/new/Timer.v"/>
        <Attr Name="ImportTime" Val="1594952140"/>
        <Attr Name="UsedIn" Val="synthesis"/>
        <Attr Name="UsedIn" Val="implementation"/>
        <Attr Name="UsedIn" Val="simulation"/>
      </FileInfo>
    </File>
    <File Path="$PSRCDIR/sources_1/new/clock_divider.v">
      <FileInfo>
        <Attr Name="ImportPath" Val="$PPRDIR/../lab4/lab4.srcs/sources_1/new/clock_divider.v"/>
        <Attr Name="ImportTime" Val="1592508524"/>
        <Attr Name="UsedIn" Val="synthesis"/>
        <Attr Name="UsedIn" Val="implementation"/>
        <Attr Name="UsedIn" Val="simulation"/>
      </FileInfo>
    </File>
    <File Path="$PSRCDIR/sources_1/new/clock_divider_slow.v">
      <FileInfo>
        <Attr Name="ImportPath" Val="$PPRDIR/../LAB 6/LAB 6.srcs/sources_1/new/clock_divider_slow.v"/>
        <Attr Name="ImportTime" Val="1594948527"/>
        <Attr Name="UsedIn" Val="synthesis"/>
        <Attr Name="UsedIn" Val="implementation"/>
        <Attr Name="UsedIn" Val="simulation"/>
      </FileInfo>
    </File>
    <File Path="$PSRCDIR/sources_1/new/fresh_counter.v">
      <FileInfo>
        <Attr Name="ImportPath" Val="$PPRDIR/../LAB 5/LAB 5.srcs/sources_1/new/fresh_counter.v"/>
        <Attr Name="ImportTime" Val="1594172990"/>
        <Attr Name="UsedIn" Val="synthesis"/>
        <Attr Name="UsedIn" Val="implementation"/>
        <Attr Name="UsedIn" Val="simulation"/>
      </FileInfo>
    </File>
    <File Path="$PSRCDIR/sources_1/new/lab4_top.v">
      <FileInfo>
        <Attr Name="ImportPath" Val="$PPRDIR/../lab4/lab4.srcs/sources_1/new/lab4_top.v"/>
        <Attr Name="ImportTime" Val="1593336680"/>
        <Attr Name="UsedIn" Val="synthesis"/>
        <Attr Name="UsedIn" Val="implementation"/>
        <Attr Name="UsedIn" Val="simulation"/>
      </FileInfo>
    </File>
    <File Path="$PSRCDIR/sources_1/new/counter_20.v">
      <FileInfo>
        <Attr Name="UserDisabled" Val="1"/>
        <Attr Name="UsedIn" Val="synthesis"/>
        <Attr Name="UsedIn" Val="implementation"/>
        <Attr Name="UsedIn" Val="simulation"/>
      </FileInfo>
    </File>
    <File Path="$PSRCDIR/sources_1/new/Shifter.v">
      <FileInfo>
        <Attr Name="UserDisabled" Val="1"/>
        <Attr Name="UsedIn" Val="synthesis"/>
        <Attr Name="UsedIn" Val="implementation"/>
        <Attr Name="UsedIn" Val="simulation"/>
      </FileInfo>
    </File>
    <File Path="$PSRCDIR/sources_1/new/BCD_anthodes.v">
      <FileInfo>
        <Attr Name="ImportPath" Val="$PPRDIR/../LAB 5/LAB 5.srcs/sources_1/new/BCD_anthodes.v"/>
        <Attr Name="ImportTime" Val="1594182048"/>
        <Attr Name="UsedIn" Val="synthesis"/>
        <Attr Name="UsedIn" Val="implementation"/>
        <Attr Name="UsedIn" Val="simulation"/>
      </FileInfo>
    </File>
    <File Path="$PSRCDIR/sources_1/new/adder.v">
      <FileInfo>
        <Attr Name="UserDisabled" Val="1"/>
        <Attr Name="ImportPath" Val="$PPRDIR/../LAB 6/LAB 6.srcs/sources_1/new/adder.v"/>
        <Attr Name="ImportTime" Val="1594779140"/>
        <Attr Name="UsedIn" Val="synthesis"/>
        <Attr Name="UsedIn" Val="implementation"/>
        <Attr Name="UsedIn" Val="simulation"/>
      </FileInfo>
    </File>
    <File Path="$PSRCDIR/sources_1/new/Converter.v">
      <FileInfo>
        <Attr Name="UserDisabled" Val="1"/>
        <Attr Name="UsedIn" Val="synthesis"/>
        <Attr Name="UsedIn" Val="implementation"/>
        <Attr Name="UsedIn" Val="simulation"/>
      </FileInfo>
    </File>
    <Config>
      <Option Name="DesignMode" Val="RTL"/>
      <Option Name="TopModule" Val="lab7_top"/>
    </Config>
  </FileSet>
  <FileSet Name="constrs_in" Type="Constrs" RelSrcDir="$PSRCDIR/constrs_1">
    <Filter Type="Constrs"/>
    <File Path="$PSRCDIR/constrs_1/new/lab4_top.xdc">
      <FileInfo>
        <Attr Name="ImportPath" Val="$PPRDIR/../lab4/lab4.srcs/constrs_1/new/lab4_top.xdc"/>
        <Attr Name="ImportTime" Val="1592508818"/>
        <Attr Name="UsedIn" Val="synthesis"/>
        <Attr Name="UsedIn" Val="implementation"/>
      </FileInfo>
    </File>
    <Config>
      <Option Name="ConstrsType" Val="XDC"/>
    </Config>
  </FileSet>
  <Strategy Version="1" Minor="2">
    <StratHandle Name="Vivado Implementation Defaults" Flow="Vivado Implementation 2018"/>
    <Step Id="init_design"/>
    <Step Id="opt_design"/>
    <Step Id="power_opt_design"/>
    <Step Id="place_design"/>
    <Step Id="post_place_power_opt_design"/>
    <Step Id="phys_opt_design"/>
    <Step Id="route_design"/>
    <Step Id="post_route_phys_opt_design"/>
    <Step Id="write_bitstream"/>
  </Strategy>
</GenRun>
