<?xml version="1.0" encoding="UTF-8" ?>
<webTalkData  fileName='usage_statistics_webtalk.xml'  majorVersion='1' minorVersion='0' timeStamp='Thu Jul 30 23:46:48 2020'>
<section name="__ROOT__" level="0" order="1" description="">
 <section name="software_version_and_target_device" level="1" order="1" description="">
  <keyValuePair key="beta" value="FALSE" description="" />
  <keyValuePair key="build_version" value="2258646" description="" />
  <keyValuePair key="date_generated" value="Thu Jul 30 23:46:48 2020" description="" />
  <keyValuePair key="os_platform" value="WIN64" description="" />
  <keyValuePair key="product_version" value="Vivado v2018.2 (64-bit)" description="" />
  <keyValuePair key="project_id" value="1c5302c351de4746940d8505412856e6" description="" />
  <keyValuePair key="project_iteration" value="136" description="" />
  <keyValuePair key="random_id" value="b4467c0b-2d46-4b87-bf5f-edcda869af2a" description="" />
  <keyValuePair key="registration_id" value="b4467c0b-2d46-4b87-bf5f-edcda869af2a" description="" />
  <keyValuePair key="route_design" value="TRUE" description="" />
  <keyValuePair key="target_device" value="xc7a35t" description="" />
  <keyValuePair key="target_family" value="artix7" description="" />
  <keyValuePair key="target_package" value="cpg236" description="" />
  <keyValuePair key="target_speed" value="-1" description="" />
  <keyValuePair key="tool_flow" value="Vivado" description="" />
 </section>
 <section name="user_environment" level="1" order="2" description="">
  <keyValuePair key="cpu_name" value="Intel(R) Core(TM) i7-7700K CPU @ 4.20GHz" description="" />
  <keyValuePair key="cpu_speed" value="4200 MHz" description="" />
  <keyValuePair key="os_name" value="Microsoft Windows 8 or later , 64-bit" description="" />
  <keyValuePair key="os_release" value="major release  (build 9200)" description="" />
  <keyValuePair key="system_ram" value="17.000 GB" description="" />
  <keyValuePair key="total_processors" value="1" description="" />
 </section>
 <section name="report_drc" level="1" order="3" description="">
  <section name="command_line_options" level="2" order="1" description="">
   <keyValuePair key="-append" value="default::[not_specified]" description="" />
   <keyValuePair key="-checks" value="default::[not_specified]" description="" />
   <keyValuePair key="-fail_on" value="default::[not_specified]" description="" />
   <keyValuePair key="-force" value="default::[not_specified]" description="" />
   <keyValuePair key="-format" value="default::[not_specified]" description="" />
   <keyValuePair key="-internal" value="default::[not_specified]" description="" />
   <keyValuePair key="-internal_only" value="default::[not_specified]" description="" />
   <keyValuePair key="-messages" value="default::[not_specified]" description="" />
   <keyValuePair key="-name" value="default::[not_specified]" description="" />
   <keyValuePair key="-no_waivers" value="default::[not_specified]" description="" />
   <keyValuePair key="-return_string" value="default::[not_specified]" description="" />
   <keyValuePair key="-ruledecks" value="default::[not_specified]" description="" />
   <keyValuePair key="-upgrade_cw" value="default::[not_specified]" description="" />
   <keyValuePair key="-waived" value="default::[not_specified]" description="" />
  </section>
  <section name="results" level="2" order="2" description="">
   <keyValuePair key="cfgbvs-1" value="1" description="" />
  </section>
 </section>
 <section name="report_utilization" level="1" order="4" description="">
  <section name="clocking" level="2" order="1" description="">
   <keyValuePair key="bufgctrl_available" value="32" description="" />
   <keyValuePair key="bufgctrl_fixed" value="0" description="" />
   <keyValuePair key="bufgctrl_used" value="2" description="" />
   <keyValuePair key="bufgctrl_util_percentage" value="6.25" description="" />
   <keyValuePair key="bufhce_available" value="72" description="" />
   <keyValuePair key="bufhce_fixed" value="0" description="" />
   <keyValuePair key="bufhce_used" value="0" description="" />
   <keyValuePair key="bufhce_util_percentage" value="0.00" description="" />
   <keyValuePair key="bufio_available" value="20" description="" />
   <keyValuePair key="bufio_fixed" value="0" description="" />
   <keyValuePair key="bufio_used" value="0" description="" />
   <keyValuePair key="bufio_util_percentage" value="0.00" description="" />
   <keyValuePair key="bufmrce_available" value="10" description="" />
   <keyValuePair key="bufmrce_fixed" value="0" description="" />
   <keyValuePair key="bufmrce_used" value="0" description="" />
   <keyValuePair key="bufmrce_util_percentage" value="0.00" description="" />
   <keyValuePair key="bufr_available" value="20" description="" />
   <keyValuePair key="bufr_fixed" value="0" description="" />
   <keyValuePair key="bufr_used" value="0" description="" />
   <keyValuePair key="bufr_util_percentage" value="0.00" description="" />
   <keyValuePair key="mmcme2_adv_available" value="5" description="" />
   <keyValuePair key="mmcme2_adv_fixed" value="0" description="" />
   <keyValuePair key="mmcme2_adv_used" value="0" description="" />
   <keyValuePair key="mmcme2_adv_util_percentage" value="0.00" description="" />
   <keyValuePair key="plle2_adv_available" value="5" description="" />
   <keyValuePair key="plle2_adv_fixed" value="0" description="" />
   <keyValuePair key="plle2_adv_used" value="0" description="" />
   <keyValuePair key="plle2_adv_util_percentage" value="0.00" description="" />
  </section>
  <section name="dsp" level="2" order="2" description="">
   <keyValuePair key="dsps_available" value="90" description="" />
   <keyValuePair key="dsps_fixed" value="0" description="" />
   <keyValuePair key="dsps_used" value="0" description="" />
   <keyValuePair key="dsps_util_percentage" value="0.00" description="" />
  </section>
  <section name="io_standard" level="2" order="3" description="">
   <keyValuePair key="blvds_25" value="0" description="" />
   <keyValuePair key="diff_hstl_i" value="0" description="" />
   <keyValuePair key="diff_hstl_i_18" value="0" description="" />
   <keyValuePair key="diff_hstl_ii" value="0" description="" />
   <keyValuePair key="diff_hstl_ii_18" value="0" description="" />
   <keyValuePair key="diff_hsul_12" value="0" description="" />
   <keyValuePair key="diff_mobile_ddr" value="0" description="" />
   <keyValuePair key="diff_sstl135" value="0" description="" />
   <keyValuePair key="diff_sstl135_r" value="0" description="" />
   <keyValuePair key="diff_sstl15" value="0" description="" />
   <keyValuePair key="diff_sstl15_r" value="0" description="" />
   <keyValuePair key="diff_sstl18_i" value="0" description="" />
   <keyValuePair key="diff_sstl18_ii" value="0" description="" />
   <keyValuePair key="hstl_i" value="0" description="" />
   <keyValuePair key="hstl_i_18" value="0" description="" />
   <keyValuePair key="hstl_ii" value="0" description="" />
   <keyValuePair key="hstl_ii_18" value="0" description="" />
   <keyValuePair key="hsul_12" value="0" description="" />
   <keyValuePair key="lvcmos12" value="0" description="" />
   <keyValuePair key="lvcmos15" value="0" description="" />
   <keyValuePair key="lvcmos18" value="0" description="" />
   <keyValuePair key="lvcmos25" value="0" description="" />
   <keyValuePair key="lvcmos33" value="1" description="" />
   <keyValuePair key="lvds_25" value="0" description="" />
   <keyValuePair key="lvttl" value="0" description="" />
   <keyValuePair key="mini_lvds_25" value="0" description="" />
   <keyValuePair key="mobile_ddr" value="0" description="" />
   <keyValuePair key="pci33_3" value="0" description="" />
   <keyValuePair key="ppds_25" value="0" description="" />
   <keyValuePair key="rsds_25" value="0" description="" />
   <keyValuePair key="sstl135" value="0" description="" />
   <keyValuePair key="sstl135_r" value="0" description="" />
   <keyValuePair key="sstl15" value="0" description="" />
   <keyValuePair key="sstl15_r" value="0" description="" />
   <keyValuePair key="sstl18_i" value="0" description="" />
   <keyValuePair key="sstl18_ii" value="0" description="" />
   <keyValuePair key="tmds_33" value="0" description="" />
  </section>
  <section name="memory" level="2" order="4" description="">
   <keyValuePair key="block_ram_tile_available" value="50" description="" />
   <keyValuePair key="block_ram_tile_fixed" value="0" description="" />
   <keyValuePair key="block_ram_tile_used" value="0" description="" />
   <keyValuePair key="block_ram_tile_util_percentage" value="0.00" description="" />
   <keyValuePair key="ramb18_available" value="100" description="" />
   <keyValuePair key="ramb18_fixed" value="0" description="" />
   <keyValuePair key="ramb18_used" value="0" description="" />
   <keyValuePair key="ramb18_util_percentage" value="0.00" description="" />
   <keyValuePair key="ramb36_fifo_available" value="50" description="" />
   <keyValuePair key="ramb36_fifo_fixed" value="0" description="" />
   <keyValuePair key="ramb36_fifo_used" value="0" description="" />
   <keyValuePair key="ramb36_fifo_util_percentage" value="0.00" description="" />
  </section>
  <section name="primitives" level="2" order="5" description="">
   <keyValuePair key="bufg_functional_category" value="Clock" description="" />
   <keyValuePair key="bufg_used" value="2" description="" />
   <keyValuePair key="carry4_functional_category" value="CarryLogic" description="" />
   <keyValuePair key="carry4_used" value="181" description="" />
   <keyValuePair key="fdre_functional_category" value="Flop &amp; Latch" description="" />
   <keyValuePair key="fdre_used" value="456" description="" />
   <keyValuePair key="fdse_functional_category" value="Flop &amp; Latch" description="" />
   <keyValuePair key="fdse_used" value="160" description="" />
   <keyValuePair key="ibuf_functional_category" value="IO" description="" />
   <keyValuePair key="ibuf_used" value="12" description="" />
   <keyValuePair key="lut1_functional_category" value="LUT" description="" />
   <keyValuePair key="lut1_used" value="4" description="" />
   <keyValuePair key="lut2_functional_category" value="LUT" description="" />
   <keyValuePair key="lut2_used" value="220" description="" />
   <keyValuePair key="lut3_functional_category" value="LUT" description="" />
   <keyValuePair key="lut3_used" value="206" description="" />
   <keyValuePair key="lut4_functional_category" value="LUT" description="" />
   <keyValuePair key="lut4_used" value="203" description="" />
   <keyValuePair key="lut5_functional_category" value="LUT" description="" />
   <keyValuePair key="lut5_used" value="95" description="" />
   <keyValuePair key="lut6_functional_category" value="LUT" description="" />
   <keyValuePair key="lut6_used" value="244" description="" />
   <keyValuePair key="muxf7_functional_category" value="MuxFx" description="" />
   <keyValuePair key="muxf7_used" value="64" description="" />
   <keyValuePair key="obuf_functional_category" value="IO" description="" />
   <keyValuePair key="obuf_used" value="12" description="" />
  </section>
  <section name="slice_logic" level="2" order="6" description="">
   <keyValuePair key="f7_muxes_available" value="16300" description="" />
   <keyValuePair key="f7_muxes_fixed" value="0" description="" />
   <keyValuePair key="f7_muxes_used" value="64" description="" />
   <keyValuePair key="f7_muxes_util_percentage" value="0.39" description="" />
   <keyValuePair key="f8_muxes_available" value="8150" description="" />
   <keyValuePair key="f8_muxes_fixed" value="0" description="" />
   <keyValuePair key="f8_muxes_used" value="0" description="" />
   <keyValuePair key="f8_muxes_util_percentage" value="0.00" description="" />
   <keyValuePair key="fully_used_lut_ff_pairs_fixed" value="1.48" description="" />
   <keyValuePair key="fully_used_lut_ff_pairs_used" value="1" description="" />
   <keyValuePair key="lut_as_distributed_ram_fixed" value="0" description="" />
   <keyValuePair key="lut_as_distributed_ram_used" value="0" description="" />
   <keyValuePair key="lut_as_logic_available" value="20800" description="" />
   <keyValuePair key="lut_as_logic_available" value="20800" description="" />
   <keyValuePair key="lut_as_logic_fixed" value="0" description="" />
   <keyValuePair key="lut_as_logic_fixed" value="0" description="" />
   <keyValuePair key="lut_as_logic_used" value="828" description="" />
   <keyValuePair key="lut_as_logic_used" value="828" description="" />
   <keyValuePair key="lut_as_logic_util_percentage" value="3.98" description="" />
   <keyValuePair key="lut_as_logic_util_percentage" value="3.98" description="" />
   <keyValuePair key="lut_as_memory_available" value="9600" description="" />
   <keyValuePair key="lut_as_memory_available" value="9600" description="" />
   <keyValuePair key="lut_as_memory_fixed" value="0" description="" />
   <keyValuePair key="lut_as_memory_fixed" value="0" description="" />
   <keyValuePair key="lut_as_memory_used" value="0" description="" />
   <keyValuePair key="lut_as_memory_used" value="0" description="" />
   <keyValuePair key="lut_as_memory_util_percentage" value="0.00" description="" />
   <keyValuePair key="lut_as_memory_util_percentage" value="0.00" description="" />
   <keyValuePair key="lut_as_shift_register_fixed" value="0" description="" />
   <keyValuePair key="lut_as_shift_register_used" value="0" description="" />
   <keyValuePair key="lut_ff_pairs_with_one_unused_flip_flop_fixed" value="0" description="" />
   <keyValuePair key="lut_ff_pairs_with_one_unused_flip_flop_used" value="292" description="" />
   <keyValuePair key="lut_ff_pairs_with_one_unused_lut_output_fixed" value="292" description="" />
   <keyValuePair key="lut_ff_pairs_with_one_unused_lut_output_used" value="240" description="" />
   <keyValuePair key="lut_flip_flop_pairs_available" value="20800" description="" />
   <keyValuePair key="lut_flip_flop_pairs_fixed" value="0" description="" />
   <keyValuePair key="lut_flip_flop_pairs_used" value="295" description="" />
   <keyValuePair key="lut_flip_flop_pairs_util_percentage" value="1.42" description="" />
   <keyValuePair key="register_as_flip_flop_available" value="41600" description="" />
   <keyValuePair key="register_as_flip_flop_fixed" value="0" description="" />
   <keyValuePair key="register_as_flip_flop_used" value="616" description="" />
   <keyValuePair key="register_as_flip_flop_util_percentage" value="1.48" description="" />
   <keyValuePair key="register_as_latch_available" value="41600" description="" />
   <keyValuePair key="register_as_latch_fixed" value="0" description="" />
   <keyValuePair key="register_as_latch_used" value="0" description="" />
   <keyValuePair key="register_as_latch_util_percentage" value="0.00" description="" />
   <keyValuePair key="slice_available" value="8150" description="" />
   <keyValuePair key="slice_fixed" value="0" description="" />
   <keyValuePair key="slice_luts_available" value="20800" description="" />
   <keyValuePair key="slice_luts_fixed" value="0" description="" />
   <keyValuePair key="slice_luts_used" value="828" description="" />
   <keyValuePair key="slice_luts_util_percentage" value="3.98" description="" />
   <keyValuePair key="slice_registers_available" value="41600" description="" />
   <keyValuePair key="slice_registers_fixed" value="0" description="" />
   <keyValuePair key="slice_registers_used" value="616" description="" />
   <keyValuePair key="slice_registers_util_percentage" value="1.48" description="" />
   <keyValuePair key="slice_used" value="313" description="" />
   <keyValuePair key="slice_util_percentage" value="3.84" description="" />
   <keyValuePair key="slicel_fixed" value="0" description="" />
   <keyValuePair key="slicel_used" value="206" description="" />
   <keyValuePair key="slicem_fixed" value="0" description="" />
   <keyValuePair key="slicem_used" value="107" description="" />
   <keyValuePair key="unique_control_sets_used" value="36" description="" />
   <keyValuePair key="using_o5_and_o6_fixed" value="36" description="" />
   <keyValuePair key="using_o5_and_o6_used" value="144" description="" />
   <keyValuePair key="using_o5_output_only_fixed" value="144" description="" />
   <keyValuePair key="using_o5_output_only_used" value="0" description="" />
   <keyValuePair key="using_o6_output_only_fixed" value="0" description="" />
   <keyValuePair key="using_o6_output_only_used" value="684" description="" />
  </section>
  <section name="specific_feature" level="2" order="7" description="">
   <keyValuePair key="bscane2_available" value="4" description="" />
   <keyValuePair key="bscane2_fixed" value="0" description="" />
   <keyValuePair key="bscane2_used" value="0" description="" />
   <keyValuePair key="bscane2_util_percentage" value="0.00" description="" />
   <keyValuePair key="capturee2_available" value="1" description="" />
   <keyValuePair key="capturee2_fixed" value="0" description="" />
   <keyValuePair key="capturee2_used" value="0" description="" />
   <keyValuePair key="capturee2_util_percentage" value="0.00" description="" />
   <keyValuePair key="dna_port_available" value="1" description="" />
   <keyValuePair key="dna_port_fixed" value="0" description="" />
   <keyValuePair key="dna_port_used" value="0" description="" />
   <keyValuePair key="dna_port_util_percentage" value="0.00" description="" />
   <keyValuePair key="efuse_usr_available" value="1" description="" />
   <keyValuePair key="efuse_usr_fixed" value="0" description="" />
   <keyValuePair key="efuse_usr_used" value="0" description="" />
   <keyValuePair key="efuse_usr_util_percentage" value="0.00" description="" />
   <keyValuePair key="frame_ecce2_available" value="1" description="" />
   <keyValuePair key="frame_ecce2_fixed" value="0" description="" />
   <keyValuePair key="frame_ecce2_used" value="0" description="" />
   <keyValuePair key="frame_ecce2_util_percentage" value="0.00" description="" />
   <keyValuePair key="icape2_available" value="2" description="" />
   <keyValuePair key="icape2_fixed" value="0" description="" />
   <keyValuePair key="icape2_used" value="0" description="" />
   <keyValuePair key="icape2_util_percentage" value="0.00" description="" />
   <keyValuePair key="pcie_2_1_available" value="1" description="" />
   <keyValuePair key="pcie_2_1_fixed" value="0" description="" />
   <keyValuePair key="pcie_2_1_used" value="0" description="" />
   <keyValuePair key="pcie_2_1_util_percentage" value="0.00" description="" />
   <keyValuePair key="startupe2_available" value="1" description="" />
   <keyValuePair key="startupe2_fixed" value="0" description="" />
   <keyValuePair key="startupe2_used" value="0" description="" />
   <keyValuePair key="startupe2_util_percentage" value="0.00" description="" />
   <keyValuePair key="xadc_available" value="1" description="" />
   <keyValuePair key="xadc_fixed" value="0" description="" />
   <keyValuePair key="xadc_used" value="0" description="" />
   <keyValuePair key="xadc_util_percentage" value="0.00" description="" />
  </section>
 </section>
 <section name="router" level="1" order="5" description="">
  <section name="usage" level="2" order="1" description="">
   <keyValuePair key="actual_expansions" value="700228" description="" />
   <keyValuePair key="bogomips" value="0" description="" />
   <keyValuePair key="bram18" value="0" description="" />
   <keyValuePair key="bram36" value="0" description="" />
   <keyValuePair key="bufg" value="0" description="" />
   <keyValuePair key="bufr" value="0" description="" />
   <keyValuePair key="ctrls" value="36" description="" />
   <keyValuePair key="dsp" value="0" description="" />
   <keyValuePair key="effort" value="2" description="" />
   <keyValuePair key="estimated_expansions" value="959208" description="" />
   <keyValuePair key="ff" value="616" description="" />
   <keyValuePair key="global_clocks" value="2" description="" />
   <keyValuePair key="high_fanout_nets" value="0" description="" />
   <keyValuePair key="iob" value="24" description="" />
   <keyValuePair key="lut" value="828" description="" />
   <keyValuePair key="movable_instances" value="1867" description="" />
   <keyValuePair key="nets" value="2337" description="" />
   <keyValuePair key="pins" value="11439" description="" />
   <keyValuePair key="pll" value="0" description="" />
   <keyValuePair key="router_runtime" value="0.000000" description="" />
   <keyValuePair key="router_timing_driven" value="1" description="" />
   <keyValuePair key="threads" value="2" description="" />
   <keyValuePair key="timing_constraints_exist" value="1" description="" />
  </section>
 </section>
 <section name="synthesis" level="1" order="6" description="">
  <section name="command_line_options" level="2" order="1" description="">
   <keyValuePair key="-assert" value="default::[not_specified]" description="" />
   <keyValuePair key="-bufg" value="default::12" description="" />
   <keyValuePair key="-cascade_dsp" value="default::auto" description="" />
   <keyValuePair key="-constrset" value="default::[not_specified]" description="" />
   <keyValuePair key="-control_set_opt_threshold" value="default::auto" description="" />
   <keyValuePair key="-directive" value="default::default" description="" />
   <keyValuePair key="-fanout_limit" value="default::10000" description="" />
   <keyValuePair key="-flatten_hierarchy" value="default::rebuilt" description="" />
   <keyValuePair key="-fsm_extraction" value="default::auto" description="" />
   <keyValuePair key="-gated_clock_conversion" value="default::off" description="" />
   <keyValuePair key="-generic" value="default::[not_specified]" description="" />
   <keyValuePair key="-include_dirs" value="default::[not_specified]" description="" />
   <keyValuePair key="-keep_equivalent_registers" value="default::[not_specified]" description="" />
   <keyValuePair key="-max_bram" value="default::-1" description="" />
   <keyValuePair key="-max_bram_cascade_height" value="default::-1" description="" />
   <keyValuePair key="-max_dsp" value="default::-1" description="" />
   <keyValuePair key="-max_uram" value="default::-1" description="" />
   <keyValuePair key="-max_uram_cascade_height" value="default::-1" description="" />
   <keyValuePair key="-mode" value="default::default" description="" />
   <keyValuePair key="-name" value="default::[not_specified]" description="" />
   <keyValuePair key="-no_lc" value="default::[not_specified]" description="" />
   <keyValuePair key="-no_srlextract" value="default::[not_specified]" description="" />
   <keyValuePair key="-no_timing_driven" value="default::[not_specified]" description="" />
   <keyValuePair key="-part" value="xc7a35tcpg236-1" description="" />
   <keyValuePair key="-resource_sharing" value="default::auto" description="" />
   <keyValuePair key="-retiming" value="default::[not_specified]" description="" />
   <keyValuePair key="-rtl" value="default::[not_specified]" description="" />
   <keyValuePair key="-rtl_skip_constraints" value="default::[not_specified]" description="" />
   <keyValuePair key="-rtl_skip_ip" value="default::[not_specified]" description="" />
   <keyValuePair key="-seu_protect" value="default::none" description="" />
   <keyValuePair key="-sfcu" value="default::[not_specified]" description="" />
   <keyValuePair key="-shreg_min_size" value="default::3" description="" />
   <keyValuePair key="-top" value="lab7_top" description="" />
   <keyValuePair key="-verilog_define" value="default::[not_specified]" description="" />
  </section>
  <section name="usage" level="2" order="2" description="">
   <keyValuePair key="elapsed" value="00:00:25s" description="" />
   <keyValuePair key="hls_ip" value="0" description="" />
   <keyValuePair key="memory_gain" value="521.188MB" description="" />
   <keyValuePair key="memory_peak" value="766.297MB" description="" />
  </section>
 </section>
 <section name="unisim_transformation" level="1" order="7" description="">
  <section name="post_unisim_transformation" level="2" order="1" description="">
   <keyValuePair key="bufg" value="2" description="" />
   <keyValuePair key="carry4" value="181" description="" />
   <keyValuePair key="fdre" value="456" description="" />
   <keyValuePair key="fdse" value="160" description="" />
   <keyValuePair key="gnd" value="4" description="" />
   <keyValuePair key="ibuf" value="12" description="" />
   <keyValuePair key="lut1" value="4" description="" />
   <keyValuePair key="lut2" value="220" description="" />
   <keyValuePair key="lut3" value="206" description="" />
   <keyValuePair key="lut4" value="203" description="" />
   <keyValuePair key="lut5" value="95" description="" />
   <keyValuePair key="lut6" value="244" description="" />
   <keyValuePair key="muxf7" value="64" description="" />
   <keyValuePair key="obuf" value="12" description="" />
   <keyValuePair key="vcc" value="4" description="" />
  </section>
  <section name="pre_unisim_transformation" level="2" order="2" description="">
   <keyValuePair key="bufg" value="2" description="" />
   <keyValuePair key="carry4" value="181" description="" />
   <keyValuePair key="fdre" value="456" description="" />
   <keyValuePair key="fdse" value="160" description="" />
   <keyValuePair key="gnd" value="4" description="" />
   <keyValuePair key="ibuf" value="12" description="" />
   <keyValuePair key="lut1" value="4" description="" />
   <keyValuePair key="lut2" value="220" description="" />
   <keyValuePair key="lut3" value="206" description="" />
   <keyValuePair key="lut4" value="203" description="" />
   <keyValuePair key="lut5" value="95" description="" />
   <keyValuePair key="lut6" value="244" description="" />
   <keyValuePair key="muxf7" value="64" description="" />
   <keyValuePair key="obuf" value="12" description="" />
   <keyValuePair key="vcc" value="4" description="" />
  </section>
 </section>
 <section name="vivado_usage" level="1" order="8" description="">
  <section name="gui_handlers" level="2" order="1" description="">
   <keyValuePair key="abstractcombinedpanel_add_element" value="3" description="" />
   <keyValuePair key="abstractcombinedpanel_remove_selected_elements" value="2" description="" />
   <keyValuePair key="abstractfileview_close" value="2" description="" />
   <keyValuePair key="abstractfileview_read_only" value="1" description="" />
   <keyValuePair key="addsrcwizard_specify_hdl_netlist_block_design" value="1" description="" />
   <keyValuePair key="addsrcwizard_specify_or_create_constraint_files" value="1" description="" />
   <keyValuePair key="addsrcwizard_specify_simulation_specific_hdl_files" value="4" description="" />
   <keyValuePair key="basedialog_cancel" value="100" description="" />
   <keyValuePair key="basedialog_no" value="1" description="" />
   <keyValuePair key="basedialog_ok" value="1260" description="" />
   <keyValuePair key="basedialog_yes" value="8" description="" />
   <keyValuePair key="baseworkspace_float" value="1" description="" />
   <keyValuePair key="checktimingsectionpanel_check_timing_selection_table" value="14" description="" />
   <keyValuePair key="clockcreationpanel_clock_name" value="1" description="" />
   <keyValuePair key="closeplanner_yes" value="2" description="" />
   <keyValuePair key="cmdmsgdialog_messages" value="3" description="" />
   <keyValuePair key="cmdmsgdialog_ok" value="67" description="" />
   <keyValuePair key="cmdmsgdialog_open_messages_view" value="9" description="" />
   <keyValuePair key="codeview_toggle_column_selection_mode" value="144" description="" />
   <keyValuePair key="confirmsavetexteditsdialog_cancel" value="6" description="" />
   <keyValuePair key="confirmsavetexteditsdialog_yes" value="5" description="" />
   <keyValuePair key="constraintschooserpanel_create_file" value="1" description="" />
   <keyValuePair key="createconstraintsfilepanel_file_name" value="2" description="" />
   <keyValuePair key="createsrcfiledialog_file_name" value="34" description="" />
   <keyValuePair key="debugwizard_find_nets_to_add" value="1" description="" />
   <keyValuePair key="debugwizard_netlist_view" value="9" description="" />
   <keyValuePair key="definemodulesdialog_define_modules_and_specify_io_ports" value="42" description="" />
   <keyValuePair key="definemodulesdialog_new_source_files" value="2" description="" />
   <keyValuePair key="editcreateclocktablepanel_edit_create_clock_table" value="4" description="" />
   <keyValuePair key="exportschematicdialog_specify_file" value="2" description="" />
   <keyValuePair key="expreporttreepanel_exp_report_tree_table" value="8" description="" />
   <keyValuePair key="exprunmenu_launch_step" value="1" description="" />
   <keyValuePair key="expruntreepanel_exp_run_tree_table" value="11" description="" />
   <keyValuePair key="filesetpanel_file_set_panel_tree" value="1991" description="" />
   <keyValuePair key="filesetpanel_messages" value="2" description="" />
   <keyValuePair key="filtertoolbar_show_all" value="3" description="" />
   <keyValuePair key="floatingtopdialog_automatically_pick_new_top_module" value="1" description="" />
   <keyValuePair key="floatingtopdialog_ignore_and_continue_with_invalid_top" value="2" description="" />
   <keyValuePair key="flownavigatortreepanel_flow_navigator_tree" value="1264" description="" />
   <keyValuePair key="fpgachooser_fpga_table" value="1" description="" />
   <keyValuePair key="getobjectsdialog_find" value="1" description="" />
   <keyValuePair key="getobjectspanel_set" value="1" description="" />
   <keyValuePair key="gettingstartedview_create_new_project" value="2" description="" />
   <keyValuePair key="gettingstartedview_open_project" value="2" description="" />
   <keyValuePair key="graphicalview_zoom_fit" value="161" description="" />
   <keyValuePair key="hardwaretreepanel_hardware_tree_table" value="4" description="" />
   <keyValuePair key="hduallist_find_results" value="1" description="" />
   <keyValuePair key="hduallist_move_selected_items_to_right" value="1" description="" />
   <keyValuePair key="hpopuptitle_close" value="2" description="" />
   <keyValuePair key="htree_collapse_all" value="3" description="" />
   <keyValuePair key="instancemenu_floorplanning" value="22" description="" />
   <keyValuePair key="insttermtablepanel_instterm_pins_table" value="14" description="" />
   <keyValuePair key="launchpanel_dont_show_this_dialog_again" value="1" description="" />
   <keyValuePair key="logmonitor_copy" value="1" description="" />
   <keyValuePair key="logmonitor_monitor" value="22" description="" />
   <keyValuePair key="logpanel_toggle_column_selection_mode" value="1" description="" />
   <keyValuePair key="mainmenumgr_checkpoint" value="2" description="" />
   <keyValuePair key="mainmenumgr_edit" value="10" description="" />
   <keyValuePair key="mainmenumgr_file" value="28" description="" />
   <keyValuePair key="mainmenumgr_flow" value="2" description="" />
   <keyValuePair key="mainmenumgr_import" value="1" description="" />
   <keyValuePair key="mainmenumgr_ip" value="2" description="" />
   <keyValuePair key="mainmenumgr_open_recent_project" value="3" description="" />
   <keyValuePair key="mainmenumgr_project" value="17" description="" />
   <keyValuePair key="mainmenumgr_reports" value="2" description="" />
   <keyValuePair key="mainmenumgr_text_editor" value="2" description="" />
   <keyValuePair key="mainmenumgr_tools" value="2" description="" />
   <keyValuePair key="mainmenumgr_view" value="4" description="" />
   <keyValuePair key="mainmenumgr_window" value="8" description="" />
   <keyValuePair key="mainwinmenumgr_layout" value="10" description="" />
   <keyValuePair key="messagewithoptiondialog_dont_show_this_dialog_again" value="1" description="" />
   <keyValuePair key="msgtreepanel_message_severity" value="42" description="" />
   <keyValuePair key="msgtreepanel_message_view_tree" value="1411" description="" />
   <keyValuePair key="msgutils_yes" value="1" description="" />
   <keyValuePair key="msgview_critical_warnings" value="13" description="" />
   <keyValuePair key="msgview_error_messages" value="17" description="" />
   <keyValuePair key="msgview_information_messages" value="23" description="" />
   <keyValuePair key="msgview_status_messages" value="3" description="" />
   <keyValuePair key="msgview_warning_messages" value="56" description="" />
   <keyValuePair key="navigabletimingreporttab_timing_report_navigation_tree" value="1" description="" />
   <keyValuePair key="netlistschematicview_show_io_ports_in_this_schematic" value="1" description="" />
   <keyValuePair key="netlistschmenuandmouse_expand_collapse" value="4" description="" />
   <keyValuePair key="netlistschmenuandmouse_report_timing" value="2" description="" />
   <keyValuePair key="netlistschmenuandmouse_view" value="7" description="" />
   <keyValuePair key="netlisttreeview_netlist_tree" value="368" description="" />
   <keyValuePair key="netproppanels_load_direct_routing_constraint" value="1" description="" />
   <keyValuePair key="nettablepanel_net_table" value="3" description="" />
   <keyValuePair key="pacommandnames_add_sources" value="4" description="" />
   <keyValuePair key="pacommandnames_auto_connect_target" value="69" description="" />
   <keyValuePair key="pacommandnames_auto_fit_selection" value="3" description="" />
   <keyValuePair key="pacommandnames_auto_update_hier" value="134" description="" />
   <keyValuePair key="pacommandnames_export_schematic" value="4" description="" />
   <keyValuePair key="pacommandnames_goto_definition" value="5" description="" />
   <keyValuePair key="pacommandnames_goto_implemented_design" value="2" description="" />
   <keyValuePair key="pacommandnames_goto_instantiation" value="8" description="" />
   <keyValuePair key="pacommandnames_goto_netlist_design" value="4" description="" />
   <keyValuePair key="pacommandnames_language_templates" value="1" description="" />
   <keyValuePair key="pacommandnames_log_window" value="2" description="" />
   <keyValuePair key="pacommandnames_new_project" value="1" description="" />
   <keyValuePair key="pacommandnames_open_hardware_manager" value="66" description="" />
   <keyValuePair key="pacommandnames_open_in_new_window_rtl" value="1" description="" />
   <keyValuePair key="pacommandnames_open_project" value="4" description="" />
   <keyValuePair key="pacommandnames_open_rtl_design" value="23" description="" />
   <keyValuePair key="pacommandnames_open_target_wizard" value="1" description="" />
   <keyValuePair key="pacommandnames_reload_rtl_design" value="44" description="" />
   <keyValuePair key="pacommandnames_reports_window" value="27" description="" />
   <keyValuePair key="pacommandnames_run_bitgen" value="134" description="" />
   <keyValuePair key="pacommandnames_run_implementation" value="14" description="" />
   <keyValuePair key="pacommandnames_save_project_as" value="4" description="" />
   <keyValuePair key="pacommandnames_schematic" value="12" description="" />
   <keyValuePair key="pacommandnames_select_area" value="4" description="" />
   <keyValuePair key="pacommandnames_select_driver_pin" value="3" description="" />
   <keyValuePair key="pacommandnames_set_as_top" value="46" description="" />
   <keyValuePair key="pacommandnames_show_connectivity" value="3" description="" />
   <keyValuePair key="pacommandnames_show_hierarchy" value="3" description="" />
   <keyValuePair key="pacommandnames_simulation_relaunch" value="1" description="" />
   <keyValuePair key="pacommandnames_simulation_reset_behavioral" value="1" description="" />
   <keyValuePair key="pacommandnames_simulation_reset_post_synthesis_functional" value="8" description="" />
   <keyValuePair key="pacommandnames_simulation_reset_post_synthesis_timing" value="8" description="" />
   <keyValuePair key="pacommandnames_simulation_run_behavioral" value="155" description="" />
   <keyValuePair key="pacommandnames_simulation_run_post_implementation_functional" value="1" description="" />
   <keyValuePair key="pacommandnames_simulation_run_post_synthesis_functional" value="14" description="" />
   <keyValuePair key="pacommandnames_simulation_run_post_synthesis_timing" value="7" description="" />
   <keyValuePair key="pacommandnames_src_disable" value="28" description="" />
   <keyValuePair key="pacommandnames_src_enable" value="38" description="" />
   <keyValuePair key="pacommandnames_synth_settings" value="1" description="" />
   <keyValuePair key="pacommandnames_write_config_memory_file" value="2" description="" />
   <keyValuePair key="pacommandnames_zoom_fit" value="52" description="" />
   <keyValuePair key="pacommandnames_zoom_in" value="10" description="" />
   <keyValuePair key="pacommandnames_zoom_out" value="24" description="" />
   <keyValuePair key="paviews_code" value="125" description="" />
   <keyValuePair key="paviews_device" value="8" description="" />
   <keyValuePair key="paviews_hierarchy" value="2" description="" />
   <keyValuePair key="paviews_project_summary" value="13" description="" />
   <keyValuePair key="paviews_schematic" value="64" description="" />
   <keyValuePair key="paviews_timing_constraints" value="1" description="" />
   <keyValuePair key="programdebugtab_available_targets_on_server" value="2" description="" />
   <keyValuePair key="programdebugtab_open_target" value="64" description="" />
   <keyValuePair key="programdebugtab_program_device" value="126" description="" />
   <keyValuePair key="programdebugtab_refresh_device" value="11" description="" />
   <keyValuePair key="programfpgadialog_check_end_of_startup" value="24" description="" />
   <keyValuePair key="programfpgadialog_program" value="165" description="" />
   <keyValuePair key="programfpgadialog_specify_bitstream_file" value="4" description="" />
   <keyValuePair key="progressdialog_background" value="3" description="" />
   <keyValuePair key="progressdialog_cancel" value="15" description="" />
   <keyValuePair key="projectnamechooser_choose_project_location" value="2" description="" />
   <keyValuePair key="projectnamechooser_project_name" value="6" description="" />
   <keyValuePair key="projectsummarydrcpanel_open_drc_report" value="1" description="" />
   <keyValuePair key="projectsummarypowerpanel_tabbed_pane" value="1" description="" />
   <keyValuePair key="projectsummaryutilizationpanel_project_summary_utilization_panel_tabbed" value="2" description="" />
   <keyValuePair key="projecttab_close_design" value="1" description="" />
   <keyValuePair key="propertiesview_previous_object" value="7" description="" />
   <keyValuePair key="rdicommands_copy" value="18" description="" />
   <keyValuePair key="rdicommands_cut" value="4" description="" />
   <keyValuePair key="rdicommands_delete" value="7" description="" />
   <keyValuePair key="rdicommands_line_comment" value="174" description="" />
   <keyValuePair key="rdicommands_paste" value="6" description="" />
   <keyValuePair key="rdicommands_properties" value="9" description="" />
   <keyValuePair key="rdicommands_redo" value="34" description="" />
   <keyValuePair key="rdicommands_save_all_files" value="1" description="" />
   <keyValuePair key="rdicommands_undo" value="46" description="" />
   <keyValuePair key="rdiviews_waveform_viewer" value="231" description="" />
   <keyValuePair key="removesourcesdialog_also_delete" value="2" description="" />
   <keyValuePair key="reporttimingsummarydialog_report_unconstrained_paths" value="1" description="" />
   <keyValuePair key="rungadget_show_error_and_critical_warning_messages" value="1" description="" />
   <keyValuePair key="rungadget_show_warning_and_error_messages_in_messages" value="1" description="" />
   <keyValuePair key="saveprojectutils_cancel" value="20" description="" />
   <keyValuePair key="saveprojectutils_dont_save" value="2" description="" />
   <keyValuePair key="saveprojectutils_save" value="455" description="" />
   <keyValuePair key="schematicview_previous" value="49" description="" />
   <keyValuePair key="schematicview_regenerate" value="1" description="" />
   <keyValuePair key="schmenuandmouse_expand_cone" value="15" description="" />
   <keyValuePair key="sdcgetobjectspanel_specify_clock_source_objects" value="2" description="" />
   <keyValuePair key="selectmenu_highlight" value="31" description="" />
   <keyValuePair key="selectmenu_mark" value="29" description="" />
   <keyValuePair key="signaltablepanel_signal_table" value="2" description="" />
   <keyValuePair key="simulationobjectspanel_simulation_objects_tree_table" value="5" description="" />
   <keyValuePair key="srcchooserpanel_add_directories" value="2" description="" />
   <keyValuePair key="srcchooserpanel_add_hdl_and_netlist_files_to_your_project" value="1" description="" />
   <keyValuePair key="srcchooserpanel_add_or_create_source_file" value="13" description="" />
   <keyValuePair key="srcchooserpanel_create_file" value="31" description="" />
   <keyValuePair key="srcmenu_ip_hierarchy" value="125" description="" />
   <keyValuePair key="stalerundialog_no" value="1" description="" />
   <keyValuePair key="syntheticagettingstartedview_recent_projects" value="49" description="" />
   <keyValuePair key="syntheticastatemonitor_cancel" value="2" description="" />
   <keyValuePair key="taskbanner_close" value="44" description="" />
   <keyValuePair key="tclconsoleview_copy" value="1" description="" />
   <keyValuePair key="tclconsoleview_tcl_console_code_editor" value="80" description="" />
   <keyValuePair key="touchpointsurveydialog_no" value="2" description="" />
   <keyValuePair key="waveformnametree_waveform_name_tree" value="62" description="" />
  </section>
  <section name="java_command_handlers" level="2" order="2" description="">
   <keyValuePair key="addsources" value="26" description="" />
   <keyValuePair key="autoconnecttarget" value="69" description="" />
   <keyValuePair key="createblockdesign" value="3" description="" />
   <keyValuePair key="debugwizardcmdhandler" value="1" description="" />
   <keyValuePair key="editcopy" value="13" description="" />
   <keyValuePair key="editdelete" value="13" description="" />
   <keyValuePair key="editpaste" value="1" description="" />
   <keyValuePair key="editproperties" value="13" description="" />
   <keyValuePair key="editundo" value="8" description="" />
   <keyValuePair key="fileexit" value="5" description="" />
   <keyValuePair key="fliptoviewtaskrtlanalysis" value="2" description="" />
   <keyValuePair key="fliptoviewtasksynthesis" value="2" description="" />
   <keyValuePair key="launchopentarget" value="1" description="" />
   <keyValuePair key="launchprogramfpga" value="168" description="" />
   <keyValuePair key="newhardwaredashboard" value="1" description="" />
   <keyValuePair key="newproject" value="3" description="" />
   <keyValuePair key="opendesign" value="23" description="" />
   <keyValuePair key="openhardwaremanager" value="124" description="" />
   <keyValuePair key="openinnewwindowrtlanalysis" value="1" description="" />
   <keyValuePair key="openproject" value="6" description="" />
   <keyValuePair key="openrecenttarget" value="30" description="" />
   <keyValuePair key="programdevice" value="43" description="" />
   <keyValuePair key="refreshdevice" value="11" description="" />
   <keyValuePair key="reloaddesign" value="44" description="" />
   <keyValuePair key="reportclocknetworks" value="1" description="" />
   <keyValuePair key="reportdrc" value="2" description="" />
   <keyValuePair key="reportmethodology" value="2" description="" />
   <keyValuePair key="reporttimingsummary" value="1" description="" />
   <keyValuePair key="runbitgen" value="158" description="" />
   <keyValuePair key="runimplementation" value="203" description="" />
   <keyValuePair key="runschematic" value="73" description="" />
   <keyValuePair key="runsynthesis" value="489" description="" />
   <keyValuePair key="saveallfiles" value="1" description="" />
   <keyValuePair key="saveprojectas" value="4" description="" />
   <keyValuePair key="selectdriverpins" value="3" description="" />
   <keyValuePair key="setsourceenabled" value="66" description="" />
   <keyValuePair key="settopnode" value="46" description="" />
   <keyValuePair key="showconnectivity" value="3" description="" />
   <keyValuePair key="showhierarchy" value="3" description="" />
   <keyValuePair key="showsource" value="37" description="" />
   <keyValuePair key="showview" value="162" description="" />
   <keyValuePair key="simulationclose" value="2" description="" />
   <keyValuePair key="simulationrelaunch" value="1" description="" />
   <keyValuePair key="simulationrun" value="192" description="" />
   <keyValuePair key="simulationstep" value="1" description="" />
   <keyValuePair key="toggleautofitselection" value="3" description="" />
   <keyValuePair key="toggleselectareamode" value="4" description="" />
   <keyValuePair key="toggleviewnavigator" value="2" description="" />
   <keyValuePair key="toolssettings" value="1" description="" />
   <keyValuePair key="toolstemplates" value="1" description="" />
   <keyValuePair key="unselectallcmdhandler" value="2" description="" />
   <keyValuePair key="viewtaskimplementation" value="29" description="" />
   <keyValuePair key="viewtaskrtlanalysis" value="9" description="" />
   <keyValuePair key="viewtasksynthesis" value="4" description="" />
   <keyValuePair key="writecfgmemfile" value="1" description="" />
   <keyValuePair key="xdccreateclock" value="2" description="" />
   <keyValuePair key="zoomfit" value="52" description="" />
   <keyValuePair key="zoomin" value="12" description="" />
   <keyValuePair key="zoomout" value="25" description="" />
  </section>
  <section name="other_data" level="2" order="3" description="">
   <keyValuePair key="guimode" value="57" description="" />
  </section>
  <section name="project_data" level="2" order="4" description="">
   <keyValuePair key="constraintsetcount" value="1" description="" />
   <keyValuePair key="core_container" value="false" description="" />
   <keyValuePair key="currentimplrun" value="impl_1" description="" />
   <keyValuePair key="currentsynthesisrun" value="synth_1" description="" />
   <keyValuePair key="default_library" value="xil_defaultlib" description="" />
   <keyValuePair key="designmode" value="RTL" description="" />
   <keyValuePair key="export_simulation_activehdl" value="0" description="" />
   <keyValuePair key="export_simulation_ies" value="0" description="" />
   <keyValuePair key="export_simulation_modelsim" value="0" description="" />
   <keyValuePair key="export_simulation_questa" value="0" description="" />
   <keyValuePair key="export_simulation_riviera" value="0" description="" />
   <keyValuePair key="export_simulation_vcs" value="0" description="" />
   <keyValuePair key="export_simulation_xsim" value="0" description="" />
   <keyValuePair key="implstrategy" value="Vivado Implementation Defaults" description="" />
   <keyValuePair key="launch_simulation_activehdl" value="0" description="" />
   <keyValuePair key="launch_simulation_ies" value="0" description="" />
   <keyValuePair key="launch_simulation_modelsim" value="0" description="" />
   <keyValuePair key="launch_simulation_questa" value="0" description="" />
   <keyValuePair key="launch_simulation_riviera" value="0" description="" />
   <keyValuePair key="launch_simulation_vcs" value="0" description="" />
   <keyValuePair key="launch_simulation_xsim" value="184" description="" />
   <keyValuePair key="simulator_language" value="Mixed" description="" />
   <keyValuePair key="srcsetcount" value="14" description="" />
   <keyValuePair key="synthesisstrategy" value="Vivado Synthesis Defaults" description="" />
   <keyValuePair key="target_language" value="Verilog" description="" />
   <keyValuePair key="target_simulator" value="XSim" description="" />
   <keyValuePair key="totalimplruns" value="1" description="" />
   <keyValuePair key="totalsynthesisruns" value="1" description="" />
  </section>
 </section>
 <section name="xsim" level="1" order="9" description="">
  <section name="command_line_options" level="2" order="1" description="">
   <keyValuePair key="-sim_mode" value="default::behavioral" description="" />
   <keyValuePair key="-sim_type" value="default::" description="" />
  </section>
 </section>
</section>
</webTalkData>
